time_s,roll_deg,pitch_deg,yaw_deg
0,-124.171997070312,-62.2520942687988,-112.568649291992
0.0166671337892694,-124.835845947266,-62.5728187561035,-111.803611755371
0.0333342675785389,-125.679214477539,-62.9394416809082,-110.85033416748
0.0500014013687178,-126.418991088867,-63.1640739440918,-109.997657775879
0.0666685351579872,-127.263694763184,-63.4898338317871,-109.075103759766
0.0833356689472566,-128.07731628418,-63.7252159118652,-108.145713806152
0.100002802736526,-128.789138793945,-64.0467071533203,-107.349975585938
0.116669936525795,-129.216003417969,-64.2247772216797,-106.835952758789
0.133337070315065,-129.309295654297,-64.3585815429688,-106.698455810547
0.150004204104334,-129.30451965332,-64.5393905639648,-106.65446472168
0.166671337893604,-129.201522827148,-64.6615982055664,-106.675903320312
0.183338471682873,-129.339553833008,-64.8305435180664,-106.515281677246
0.200005605473052,-129.740936279297,-65.0563812255859,-106.152397155762
0.216672739262322,-130.26252746582,-65.2684860229492,-105.661743164062
0.233339873051591,-130.774002075195,-65.4178924560547,-105.156463623047
0.25000700684086,-131.199432373047,-65.5257720947266,-104.699577331543
0.26667414063013,-131.424255371094,-65.6100769042969,-104.406211853027
0.283341274419399,-131.454208374023,-65.6381454467773,-104.296165466309
0.300008408208669,-131.367141723633,-65.701057434082,-104.28881072998
0.316675541997938,-131.243453979492,-65.7762451171875,-104.299896240234
0.333342675787208,-131.042572021484,-65.83203125,-104.389579772949
0.350009809577386,-130.909637451172,-65.8974304199219,-104.41007232666
0.366676943366656,-130.902496337891,-65.9686965942383,-104.314010620117
0.383344077155925,-131.068634033203,-66.0229721069336,-104.04621887207
0.400011210945195,-131.408340454102,-66.0663604736328,-103.60871887207
0.416678344734464,-131.948440551758,-66.142578125,-102.999626159668
0.433345478523734,-132.641296386719,-66.2448196411133,-102.266357421875
0.450012612313003,-133.439437866211,-66.3753814697266,-101.465347290039
0.466679746102272,-134.25895690918,-66.500358581543,-100.655082702637
0.483346879891542,-134.626113891602,-66.3703231811523,-100.358207702637
0.500014013681721,-134.658538818359,-66.6645584106445,-100.37239074707
0.51668114747099,-135.886962890625,-67.2245941162109,-99.5095748901367
0.53334828126026,-134.763931274414,-66.9613265991211,-100.684646606445
0.550015415049529,-135.079284667969,-67.2112579345703,-100.837768554688
0.566682548838799,-135.300537109375,-67.3308410644531,-100.854454040527
0.583349682628068,-135.153518676758,-67.1082992553711,-101.14900970459
0.600016816417337,-135.722366333008,-67.046875,-100.855682373047
0.616683950206607,-136.567291259766,-67.0644912719727,-100.175163269043
0.633351083995876,-137.642959594727,-67.123176574707,-99.2395477294922
0.650018217786055,-138.982879638672,-67.2154922485352,-98.0445785522461
0.666685351575325,-140.370880126953,-67.3162460327148,-96.7348327636719
0.683352485364594,-141.692657470703,-67.412239074707,-95.4256439208984
0.700019619153863,-142.759155273438,-67.4710388183594,-94.3268508911133
0.716686752943133,-143.487243652344,-67.5074920654297,-93.5211715698242
0.733353886732402,-143.906784057617,-67.5531692504883,-93.0018539428711
0.750021020521672,-144.054504394531,-67.6108245849609,-92.7664413452148
0.766688154310941,-143.962020874023,-67.672248840332,-92.7861557006836
0.783355288100211,-143.738632202148,-67.7422714233398,-92.9640808105469
0.80002242189039,-143.47705078125,-67.8204345703125,-93.2468795776367
0.816689555679659,-143.191940307617,-67.8794555664062,-93.6037445068359
0.833356689468928,-142.900085449219,-67.9156875610352,-94.0093688964844
0.850023823258198,-142.611328125,-67.9309921264648,-94.4487686157227
0.866690957047467,-142.295211791992,-67.9184265136719,-94.9253997802734
0.883358090836737,-141.980819702148,-67.8887405395508,-95.4072494506836
0.900025224626006,-141.702438354492,-67.8522644042969,-95.8559722900391
0.916692358415276,-141.468643188477,-67.8154220581055,-96.2538299560547
0.933359492204545,-141.333511352539,-67.7826843261719,-96.5450973510742
0.950026625994724,-141.244003295898,-67.744499206543,-96.7722320556641
0.966693759783993,-141.129821777344,-67.6801834106445,-96.9893188476562
0.983360893573263,-140.967788696289,-67.6094512939453,-97.2047653198242
1.00002802736253,-140.789779663086,-67.5445098876953,-97.3997116088867
1.0166951611518,-140.636642456055,-67.4719009399414,-97.5357666015625
1.03336229494107,-140.577239990234,-67.404914855957,-97.5688247680664
1.05002942873034,-140.610168457031,-67.3560104370117,-97.5095977783203
1.06669656251961,-140.753463745117,-67.3436889648438,-97.3515930175781
1.08336369630888,-140.981872558594,-67.3887176513672,-97.1320114135742
1.10003083009906,-141.321807861328,-67.4923477172852,-96.8112564086914
1.11669796388833,-141.845489501953,-67.6672286987305,-96.3096542358398
1.1333650976776,-142.525741577148,-67.9102096557617,-95.6324996948242
1.15003223146687,-143.382751464844,-68.1848220825195,-94.7344741821289
1.16669936525614,-144.376312255859,-68.4438858032227,-93.6854095458984
1.18336649904541,-145.47721862793,-68.6780548095703,-92.52490234375
1.20003363283467,-146.683090209961,-68.887321472168,-91.2188949584961
1.21670076662394,-147.938873291016,-69.0685043334961,-89.8380126953125
1.23336790041321,-149.186431884766,-69.2250366210938,-88.4997406005859
1.25003503420339,-150.340026855469,-69.3868560791016,-87.2798156738281
1.26670216799266,-151.327453613281,-69.529167175293,-86.2602157592773
1.28336930178193,-152.394760131836,-69.6324157714844,-85.119743347168
1.3000364355712,-153.374176025391,-69.6334381103516,-84.0381011962891
1.31670356936047,-154.082427978516,-69.5084228515625,-83.2258529663086
1.33337070314974,-154.439102172852,-69.2894515991211,-82.7599411010742
1.35003783693901,-154.507049560547,-69.0233612060547,-82.6020812988281
1.36670497072828,-154.549819946289,-68.808952331543,-82.4228744506836
1.38337210451755,-154.503356933594,-68.6237716674805,-82.352180480957
1.40003923830773,-154.466430664062,-68.4767074584961,-82.2645721435547
1.416706372097,-154.428985595703,-68.3500671386719,-82.1451568603516
1.43337350588627,-154.451278686523,-68.2450256347656,-81.9385223388672
1.45004063967554,-154.502166748047,-68.1571044921875,-81.6752090454102
1.4667077734648,-154.553955078125,-68.0981674194336,-81.4064865112305
1.48337490725407,-154.641723632812,-68.070198059082,-81.1037673950195
1.50004204104334,-154.779205322266,-68.0736389160156,-80.7620697021484
1.51670917483261,-154.916595458984,-68.0819778442383,-80.4247360229492
1.53337630862188,-155.035385131836,-68.0948257446289,-80.1081619262695
1.55004344241206,-155.118881225586,-68.1032180786133,-79.8267593383789
1.56671057620133,-155.108673095703,-68.1096649169922,-79.6404113769531
1.5833777099906,-155.057434082031,-68.1354370117188,-79.5008316040039
1.60004484377987,-154.968856811523,-68.165168762207,-79.4089889526367
1.61671197756914,-154.890182495117,-68.2042465209961,-79.3258895874023
1.63337911135841,-154.831619262695,-68.2355194091797,-79.2401809692383
1.65004624514768,-154.799133300781,-68.2580642700195,-79.1396408081055
1.66671337893695,-154.767593383789,-68.2645416259766,-79.04052734375
1.68338051272622,-154.748138427734,-68.264045715332,-78.929801940918
1.7000476465164,-154.705581665039,-68.2513046264648,-78.831298828125
1.71671478030567,-154.66064453125,-68.2484664916992,-78.7249526977539
1.73338191409493,-154.598739624023,-68.2409744262695,-78.6295166015625
1.7500490478842,-154.56005859375,-68.2538909912109,-78.4986267089844
1.76671618167347,-154.488006591797,-68.29248046875,-78.4154357910156
1.78338331546274,-154.397506713867,-68.3483047485352,-78.3489456176758
1.80005044925201,-154.212005615234,-68.3970947265625,-78.3622589111328
1.81671758304128,-153.880874633789,-68.4201965332031,-78.5092391967773
1.83338471683055,-153.480392456055,-68.4417419433594,-78.7227096557617
1.85005185062073,-153.038909912109,-68.4564361572266,-78.9802551269531
1.86671898441,-152.562408447266,-68.466667175293,-79.2872924804688
1.88338611819927,-152.046005249023,-68.4712371826172,-79.6460266113281
1.90005325198854,-151.467269897461,-68.4770355224609,-80.0766220092773
1.91672038577781,-150.82649230957,-68.4704971313477,-80.5707626342773
1.93338751956708,-150.157516479492,-68.464714050293,-81.095329284668
1.95005465335635,-149.536117553711,-68.4517059326172,-81.565803527832
1.96672178714562,-149.050964355469,-68.4130554199219,-81.8773956298828
1.98338892093489,-148.78662109375,-68.3449554443359,-81.9557876586914
2.00005605472506,-148.746994018555,-68.2696304321289,-81.7993240356445
2.01672318851433,-148.885375976562,-68.1940765380859,-81.4499130249023
2.0333903223036,-149.093734741211,-68.1250686645508,-81.0335845947266
2.05005745609287,-149.324813842773,-68.0608139038086,-80.5951385498047
2.06672458988214,-149.498077392578,-67.9983978271484,-80.2151947021484
2.08339172367141,-149.647735595703,-67.9391021728516,-79.8575439453125
2.10005885746068,-149.756057739258,-67.8774566650391,-79.5613250732422
2.11672599124995,-149.824981689453,-67.8285446166992,-79.3268814086914
2.13339312503922,-149.814224243164,-67.7897872924805,-79.1820907592773
2.1500602588294,-149.708755493164,-67.7612457275391,-79.1419372558594
2.16672739261867,-149.523040771484,-67.7428359985352,-79.1907958984375
2.18339452640794,-149.250915527344,-67.7487487792969,-79.3331756591797
2.20006166019721,-148.953399658203,-67.7822799682617,-79.5200729370117
2.21672879398648,-148.676177978516,-67.842041015625,-79.7081069946289
2.23339592777575,-148.456909179688,-67.9200134277344,-79.8771362304688
2.25006306156502,-148.326324462891,-68.021110534668,-80.0072479248047
2.26673019535519,-148.291229248047,-68.12109375,-80.0680236816406
2.28339732914355,-148.322448730469,-68.2068481445312,-80.0862808227539
2.30006446293373,-148.426452636719,-68.2765274047852,-80.0511856079102
2.316731596723,-148.600769042969,-68.3273315429688,-79.9570922851562
2.33339873051227,-148.805633544922,-68.3474807739258,-79.8284606933594
2.35006586430154,-149.017288208008,-68.3438873291016,-79.6945419311523
2.36673299809081,-149.2705078125,-68.3391418457031,-79.5215072631836
2.38340013188008,-149.50520324707,-68.3305587768555,-79.3578643798828
2.40006726566935,-149.761779785156,-68.3234329223633,-79.1726531982422
2.41673439945953,-149.972686767578,-68.3185729980469,-79.0388641357422
2.43340153324789,-150.128463745117,-68.3427124023438,-78.9728240966797
2.45006866703807,-150.263549804688,-68.4098358154297,-78.9518814086914
2.46673580082734,-150.381256103516,-68.5257339477539,-78.9827270507812
2.48340293461661,-150.483276367188,-68.6417236328125,-79.0424880981445
2.50007006840588,-150.541076660156,-68.7246398925781,-79.1423568725586
2.51673720219515,-150.709289550781,-68.7908248901367,-79.1351089477539
2.53340433598441,-150.997009277344,-68.805305480957,-79.0253753662109
2.55007146977368,-151.360214233398,-68.7641372680664,-78.8367691040039
2.56673860356386,-151.727661132812,-68.6752395629883,-78.6405181884766
2.58340573735222,-152.046279907227,-68.566291809082,-78.4897384643555
2.6000728711424,-152.235336303711,-68.4479598999023,-78.4643020629883
2.61674000493167,-152.329238891602,-68.3469009399414,-78.5474014282227
2.63340713872094,-152.336349487305,-68.2633285522461,-78.7302703857422
2.65007427251021,-152.234375,-68.2084121704102,-79.0553665161133
2.66674140629948,-152.00505065918,-68.1791763305664,-79.5241470336914
2.68340854008875,-151.626190185547,-68.1468734741211,-80.1527404785156
2.70007567387802,-151.147979736328,-68.1036911010742,-80.8943252563477
2.7167428076682,-150.637588500977,-68.0704345703125,-81.6885299682617
2.73340994145656,-150.174072265625,-68.049446105957,-82.4561004638672
2.75007707524674,-149.697875976562,-68.0125274658203,-83.2515869140625
2.76674420903601,-149.227615356445,-67.9896850585938,-84.0426559448242
2.78341134282527,-148.74397277832,-67.9930038452148,-84.8541107177734
2.80007847661454,-148.278335571289,-68.0065994262695,-85.6640701293945
2.81674561040381,-147.925704956055,-68.0565490722656,-86.3567733764648
2.83341274419308,-147.558792114258,-68.0855865478516,-87.0371551513672
2.85007987798235,-147.173095703125,-68.1003036499023,-87.710334777832
2.86674701177253,-146.743957519531,-68.1063079833984,-88.3930740356445
2.88341414556089,-146.236434936523,-68.0703659057617,-89.1103668212891
2.90008127935107,-145.743499755859,-68.0084762573242,-89.7855072021484
2.91674841314034,-145.300216674805,-67.9295501708984,-90.3864669799805
2.93341554692961,-144.928161621094,-67.8562622070312,-90.916374206543
2.95008268071888,-144.605819702148,-67.7901611328125,-91.3998870849609
2.96674981450815,-144.317535400391,-67.7440567016602,-91.8458251953125
2.98341694829742,-144.052352905273,-67.6952209472656,-92.2682952880859
3.00008408208669,-143.789962768555,-67.6288070678711,-92.6863861083984
3.01675121587687,-143.581573486328,-67.5725402832031,-93.0509567260742
3.03341834966523,-143.396789550781,-67.5878448486328,-93.3743057250977
3.0500854834554,-143.232498168945,-67.6006622314453,-93.6629867553711
3.06675261724467,-143.0751953125,-67.6099090576172,-93.9189834594727
3.08341975103394,-142.898849487305,-67.5957412719727,-94.1629104614258
3.10008688482321,-142.682174682617,-67.542236328125,-94.4243316650391
3.11675401861248,-142.452423095703,-67.4723892211914,-94.6830825805664
3.13342115240175,-142.279266357422,-67.4155120849609,-94.8900299072266
3.15008828619102,-142.15266418457,-67.3547058105469,-95.0395584106445
3.1667554199812,-142.05029296875,-67.288932800293,-95.1594085693359
3.18342255376956,-141.973052978516,-67.2355041503906,-95.247932434082
3.20008968755974,-141.881866455078,-67.1995544433594,-95.3462142944336
3.21675682134901,-141.787261962891,-67.1882934570312,-95.4518356323242
3.23342395513828,-141.711975097656,-67.1996765136719,-95.5473785400391
3.25009108892755,-141.660079956055,-67.2192687988281,-95.627067565918
3.26675822271682,-141.648773193359,-67.2497177124023,-95.677619934082
3.28342535650609,-141.576568603516,-67.2717361450195,-95.7808990478516
3.30009249029536,-141.444030761719,-67.301025390625,-95.9195404052734
3.31675962408553,-141.24186706543,-67.345100402832,-96.1144256591797
3.33342675787389,-141.014221191406,-67.3961791992188,-96.3175659179688
3.35009389166407,-140.760437011719,-67.4508819580078,-96.5440826416016
3.36676102545334,-140.474258422852,-67.4985122680664,-96.7975387573242
3.38342815924261,-140.184799194336,-67.546501159668,-97.0658950805664
3.40009529303188,-139.925003051758,-67.6033706665039,-97.3209075927734
3.41676242682115,-139.766662597656,-67.6338195800781,-97.4931716918945
3.43342956061042,-139.701110839844,-67.6735534667969,-97.6053161621094
3.45009669439969,-139.681488037109,-67.7153701782227,-97.6734848022461
3.46676382818987,-139.714935302734,-67.764518737793,-97.6810073852539
3.48343096197823,-139.773223876953,-67.7892074584961,-97.6319427490234
3.50009809576841,-139.89826965332,-67.8031005859375,-97.4922180175781
3.51676522955768,-140.099334716797,-67.7902069091797,-97.2524795532227
3.53343236334695,-140.372543334961,-67.7536392211914,-96.9319458007812
3.55009949713622,-140.672210693359,-67.7001495361328,-96.5671844482422
3.56676663092549,-140.965469360352,-67.6395111083984,-96.1889801025391
3.58343376471475,-141.212387084961,-67.5872192382812,-95.8421478271484
3.60010089850402,-141.392486572266,-67.5362014770508,-95.5409393310547
3.6167680322942,-141.513046264648,-67.4933929443359,-95.2960510253906
3.63343516608256,-141.594146728516,-67.4617691040039,-95.0913543701172
3.65010229987274,-141.632034301758,-67.4341201782227,-94.9370040893555
3.66676943366201,-141.626739501953,-67.4206085205078,-94.8406219482422
3.68343656745128,-141.595947265625,-67.4155349731445,-94.7886047363281
3.70010370124055,-141.554061889648,-67.4219589233398,-94.7661895751953
3.71677083502982,-141.522476196289,-67.4493637084961,-94.7476348876953
3.73343796881909,-141.508697509766,-67.4930191040039,-94.7225952148438
3.75010510260836,-141.494644165039,-67.5490646362305,-94.6999359130859
3.76677223639854,-141.488265991211,-67.6184616088867,-94.6644439697266
3.7834393701869,-141.508728027344,-67.6972427368164,-94.5998458862305
3.80010650397708,-141.560852050781,-67.7846908569336,-94.5053024291992
3.81677363776635,-141.670822143555,-67.8814086914062,-94.3526916503906
3.83344077155562,-141.848495483398,-67.9829254150391,-94.1391296386719
3.85010790534488,-142.113967895508,-68.0892105102539,-93.8494567871094
3.86677503913415,-142.452285766602,-68.1861801147461,-93.4934616088867
3.88344217292342,-142.864151000977,-68.2737274169922,-93.0766448974609
3.90010930671269,-143.313140869141,-68.3461608886719,-92.6260223388672
3.91677644050287,-143.789886474609,-68.3949584960938,-92.139762878418
3.93344357429123,-144.259735107422,-68.4135284423828,-91.6532135009766
3.95011070808141,-144.670120239258,-68.4091110229492,-91.2088775634766
3.96677784187068,-145.001358032227,-68.38916015625,-90.8169326782227
3.98344497565995,-145.283660888672,-68.3608322143555,-90.4613494873047
4.00011210944922,-145.523803710938,-68.3166732788086,-90.1343536376953
4.01677924323849,-145.737396240234,-68.2635116577148,-89.8231353759766
4.03344637702776,-145.932723999023,-68.2104873657227,-89.5219268798828
4.05011351081703,-146.078628540039,-68.1478729248047,-89.2621994018555
4.06678064460721,-146.160140991211,-68.094367980957,-89.0474548339844
4.08344777839557,-146.159332275391,-68.0456237792969,-88.8835296630859
4.10011491218575,-146.103363037109,-68.0109024047852,-88.7562255859375
4.11678204597501,-146.008483886719,-67.9901351928711,-88.660026550293
4.13344917976428,-145.898178100586,-67.9986801147461,-88.5669097900391
4.15011631355355,-145.779312133789,-68.0251846313477,-88.5076065063477
4.16678344734282,-145.656524658203,-68.0610580444336,-88.4714126586914
4.18345058113209,-145.552154541016,-68.1007614135742,-88.4427185058594
4.20011771492136,-145.493103027344,-68.1184463500977,-88.3899307250977
4.21678484871154,-145.519592285156,-68.1287460327148,-88.2901916503906
4.2334519824999,-145.586685180664,-68.142219543457,-88.1754837036133
4.25011911629008,-145.638565063477,-68.1501846313477,-88.0824584960938
4.26678625007935,-145.63883972168,-68.1441268920898,-88.0396041870117
4.28345338386862,-145.537857055664,-68.1205596923828,-88.0830459594727
4.30012051765789,-145.333450317383,-68.0816421508789,-88.2147369384766
4.31678765144716,-145.059707641602,-68.0359344482422,-88.4064407348633
4.33345478523643,-144.748153686523,-67.9906311035156,-88.6390228271484
4.3501219190257,-144.435089111328,-67.9426345825195,-88.8853149414062
4.36678905281588,-144.168334960938,-67.8926391601562,-89.1079254150391
4.38345618660423,-143.958190917969,-67.8410491943359,-89.2952194213867
4.40012332039441,-143.793029785156,-67.8035430908203,-89.4458770751953
4.41679045418368,-143.663208007812,-67.7861480712891,-89.5992050170898
4.43345758797295,-143.601333618164,-67.7897109985352,-89.7126693725586
4.45012472176222,-143.570327758789,-67.7942962646484,-89.8127365112305
4.46679185555149,-143.587387084961,-67.790412902832,-89.8788833618164
4.48345898934076,-143.620620727539,-67.7721862792969,-89.9311752319336
4.50012612313003,-143.648162841797,-67.7402954101562,-89.9824752807617
4.51679325692021,-143.659713745117,-67.696044921875,-90.043212890625
4.53346039070857,-143.669235229492,-67.6518249511719,-90.0996398925781
4.55012752449875,-143.640670776367,-67.6003570556641,-90.1841278076172
4.56679465828802,-143.571517944336,-67.5380172729492,-90.301399230957
4.58346179207729,-143.466506958008,-67.4734191894531,-90.4538192749023
4.60012892586656,-143.305511474609,-67.4047393798828,-90.6532211303711
4.61679605965583,-143.087936401367,-67.3326644897461,-90.9001235961914
4.6334631934451,-142.830383300781,-67.2646636962891,-91.1807708740234
4.65013032723436,-142.528915405273,-67.2000274658203,-91.4934158325195
4.66679746102454,-142.192932128906,-67.1381072998047,-91.8327941894531
4.6834645948129,-141.840927124023,-67.0794372558594,-92.1819458007812
4.70013172860308,-141.486862182617,-67.0283279418945,-92.5367889404297
4.71679886239235,-141.16862487793,-66.9881286621094,-92.8753204345703
4.73346599618162,-140.882019042969,-66.9498443603516,-93.1962280273438
4.75013312997089,-140.614349365234,-66.9078903198242,-93.5059967041016
4.76680026376016,-140.380554199219,-66.8590621948242,-93.7822036743164
4.78346739754943,-140.218368530273,-66.7964096069336,-93.9855270385742
4.8001345313387,-140.131301879883,-66.7163925170898,-94.0971298217773
4.81680166512888,-140.113067626953,-66.6331024169922,-94.119514465332
4.83346879891724,-140.133575439453,-66.5492477416992,-94.0718383789062
4.85013593270742,-140.182250976562,-66.4664764404297,-93.9610824584961
4.86680306649669,-140.217636108398,-66.3839721679688,-93.8306503295898
4.88347020028596,-140.251281738281,-66.3090972900391,-93.6770172119141
4.90013733407523,-140.28173828125,-66.2362289428711,-93.5113220214844
4.91680446786449,-140.31413269043,-66.1567840576172,-93.3381271362305
4.93347160165376,-140.355621337891,-66.0978927612305,-93.1461563110352
4.95013873544303,-140.410446166992,-66.0618667602539,-92.9543914794922
4.96680586923321,-140.451446533203,-66.0220565795898,-92.7734985351562
4.98347300302157,-140.470443725586,-65.9825744628906,-92.6152572631836
5.00014013681175,-140.470230102539,-65.9368133544922,-92.4741134643555
5.01680727060102,-140.460800170898,-65.8869552612305,-92.3493423461914
5.03347440439029,-140.447952270508,-65.8309173583984,-92.2396545410156
5.05014153817956,-140.436630249023,-65.7633819580078,-92.1386566162109
5.06680867196883,-140.435165405273,-65.683235168457,-92.0358047485352
5.0834758057581,-140.457290649414,-65.5962600708008,-91.91552734375
5.10014293954737,-140.521713256836,-65.5117111206055,-91.7561111450195
5.11681007333755,-140.630981445312,-65.4378280639648,-91.5478286743164
5.13347720712591,-140.773208618164,-65.3731994628906,-91.2994232177734
5.15014434091609,-140.925933837891,-65.3278961181641,-91.0348663330078
5.16681147470536,-141.077102661133,-65.3003082275391,-90.7751693725586
5.18347860849462,-141.249038696289,-65.2826843261719,-90.5100784301758
5.20014574228389,-141.424743652344,-65.2697677612305,-90.2553405761719
5.21681287607316,-141.57421875,-65.2555236816406,-90.0637054443359
5.23348000986243,-141.704956054688,-65.2357482910156,-89.9123916625977
5.2501471436517,-141.781997680664,-65.2136077880859,-89.8475952148438
5.26681427744188,-141.772506713867,-65.1720123291016,-89.8830871582031
5.28348141123024,-141.676727294922,-65.1210556030273,-90.0216064453125
5.30014854502042,-141.471069335938,-65.0575866699219,-90.274543762207
5.31681567880969,-141.180068969727,-64.9929275512695,-90.6233367919922
5.33348281259896,-140.836990356445,-64.9380950927734,-91.0334167480469
5.35014994638823,-140.511627197266,-64.9064483642578,-91.4416122436523
5.3668170801775,-140.238571166992,-64.9025650024414,-91.8074417114258
5.38348421396677,-140.030624389648,-64.9257049560547,-92.118408203125
5.40015134775604,-139.914367675781,-64.9916915893555,-92.3523254394531
5.41681848154622,-139.868698120117,-65.0875015258789,-92.5185012817383
5.43348561533458,-139.874237060547,-65.2000122070312,-92.6314239501953
5.45015274912475,-139.923690795898,-65.3390808105469,-92.7005996704102
5.46681988291402,-140.014297485352,-65.4995956420898,-92.7237777709961
5.48348701670329,-140.137908935547,-65.6730117797852,-92.7114639282227
5.50015415049256,-140.286315917969,-65.8546905517578,-92.6700592041016
5.51682128428183,-140.446411132812,-66.0401763916016,-92.6066589355469
5.5334884180711,-140.623260498047,-66.2177200317383,-92.521598815918
5.55015555186037,-140.86604309082,-66.3853073120117,-92.3732604980469
5.56682268565055,-141.180999755859,-66.5353775024414,-92.151496887207
5.58348981943891,-141.574661254883,-66.660888671875,-91.8500595092773
5.60015695322909,-142.034378051758,-66.7556610107422,-91.4766464233398
5.61682408701836,-142.501754760742,-66.8282775878906,-91.0932388305664
5.63349122080763,-142.954467773438,-66.8938522338867,-90.7219924926758
5.6501583545969,-143.349533081055,-66.9510650634766,-90.3970184326172
5.66682548838617,-143.625991821289,-66.9744567871094,-90.1884536743164
5.68349262217544,-143.759918212891,-66.9653778076172,-90.1124114990234
5.70015975596471,-143.789886474609,-66.9251327514648,-90.1308135986328
5.71682688975488,-143.708633422852,-66.8490295410156,-90.270149230957
5.73349402354324,-143.613739013672,-66.7638397216797,-90.4311141967773
5.75016115733342,-143.468658447266,-66.6611175537109,-90.6308975219727
5.76682829112269,-143.317977905273,-66.557861328125,-90.819091796875
5.78349542491196,-143.170455932617,-66.4700241088867,-90.962532043457
5.80016255870123,-143.010681152344,-66.4013824462891,-91.0599594116211
5.8168296924905,-142.829971313477,-66.3545074462891,-91.1498947143555
5.83349682627977,-142.680480957031,-66.3484191894531,-91.1855773925781
5.85016396006904,-142.535675048828,-66.3718338012695,-91.21630859375
5.86683109385922,-142.394821166992,-66.4229965209961,-91.2801055908203
5.88349822764758,-142.303558349609,-66.5058212280273,-91.3572311401367
5.90016536143776,-142.209075927734,-66.5972518920898,-91.4508514404297
5.91683249522703,-142.073883056641,-66.6847763061523,-91.6635818481445
5.9334996290163,-141.889633178711,-66.7507400512695,-91.8928909301758
5.95016676280557,-141.69108581543,-66.773796081543,-92.1395568847656
5.96683389659484,-141.543380737305,-66.7739562988281,-92.3373260498047
5.9835010303841,-141.423568725586,-66.7515640258789,-92.5136947631836
6.00016816417337,-141.328125,-66.714111328125,-92.6867904663086
6.01683529796355,-141.24169921875,-66.669548034668,-92.8186874389648
6.03350243175191,-141.124984741211,-66.6022033691406,-92.9828262329102
6.05016956554209,-140.97819519043,-66.5171813964844,-93.2432403564453
6.06683669933136,-140.798217773438,-66.439697265625,-93.4096298217773
6.08350383312063,-140.583862304688,-66.3710403442383,-93.5875015258789
6.1001709669099,-140.365264892578,-66.3275375366211,-93.7431182861328
6.11683810069917,-140.131149291992,-66.3035125732422,-93.8964996337891
6.13350523448844,-139.885055541992,-66.3054580688477,-94.0500564575195
6.15017236827771,-139.614593505859,-66.3232650756836,-94.2189712524414
6.16683950206789,-139.310073852539,-66.341064453125,-94.4216079711914
6.18350663585625,-139.017593383789,-66.3776779174805,-94.6218338012695
6.20017376964643,-138.780792236328,-66.4246215820312,-94.7711029052734
6.2168409034357,-138.656448364258,-66.4753189086914,-94.8243713378906
6.23350803722496,-138.671966552734,-66.5187454223633,-94.7595672607422
6.25017517101423,-138.79638671875,-66.5568237304688,-94.5946578979492
6.2668423048035,-138.966217041016,-66.5843887329102,-94.3782424926758
6.28350943859277,-139.170959472656,-66.6004180908203,-94.1132354736328
6.30017657238204,-139.416900634766,-66.6161804199219,-93.7887573242188
6.31684370617222,-139.693084716797,-66.6170043945312,-93.4134216308594
6.33351083996058,-139.975402832031,-66.6169281005859,-93.0255661010742
6.35017797375076,-140.250183105469,-66.6286163330078,-92.6484680175781
6.36684510754003,-140.501205444336,-66.6605529785156,-92.2997817993164
6.3835122413293,-140.69548034668,-66.6935348510742,-92.0124053955078
6.40017937511857,-140.805130004883,-66.7170791625977,-91.829460144043
6.41684650890784,-140.910797119141,-66.7556228637695,-91.6756210327148
6.43351364269711,-140.98454284668,-66.7975921630859,-91.56298828125
6.45018077648638,-140.996475219727,-66.8416442871094,-91.5235137939453
6.46684791027656,-140.965728759766,-66.8975219726562,-91.5345001220703
6.48351504406492,-140.922576904297,-66.953010559082,-91.5541000366211
6.50018217785509,-140.848037719727,-66.9955368041992,-91.5936965942383
6.51684931164436,-140.759078979492,-67.0392227172852,-91.6425857543945
6.53351644543363,-140.688140869141,-67.0952682495117,-91.6601257324219
6.5501835792229,-140.595245361328,-67.1508407592773,-91.6927871704102
6.56685071301217,-140.533889770508,-67.2183303833008,-91.6985397338867
6.58351784680144,-140.510467529297,-67.2968673706055,-91.6748123168945
6.60018498059071,-140.540405273438,-67.3701171875,-91.6097793579102
6.61685211438089,-140.621063232422,-67.4370803833008,-91.5025634765625
6.63351924816925,-140.768310546875,-67.505012512207,-91.3344879150391
6.65018638195943,-140.960144042969,-67.5698928833008,-91.1226196289062
6.6668535157487,-141.149917602539,-67.6000061035156,-90.9003601074219
6.68352064953797,-141.342391967773,-67.6223983764648,-90.6444931030273
6.70018778332724,-141.534942626953,-67.6439590454102,-90.3751373291016
6.71685491711651,-141.750946044922,-67.6480484008789,-90.0712356567383
6.73352205090578,-141.992553710938,-67.6317825317383,-89.7445907592773
6.75018918469505,-142.239593505859,-67.5944671630859,-89.3952178955078
6.76685631848522,-142.456970214844,-67.5431289672852,-89.0675659179688
6.78352345227358,-142.663726806641,-67.5,-88.7578125
6.80019058606376,-142.822906494141,-67.477294921875,-88.5014801025391
6.81685771985303,-142.917190551758,-67.4739379882812,-88.3131942749023
6.8335248536423,-142.953094482422,-67.4916839599609,-88.1858215332031
6.85019198743157,-142.92707824707,-67.5128860473633,-88.1188278198242
6.86685912122084,-142.900680541992,-67.5442657470703,-88.0632247924805
6.88352625501011,-142.902236938477,-67.5698776245117,-87.9903869628906
6.90019338879938,-142.973220825195,-67.595817565918,-87.8554382324219
6.91686052258956,-143.073715209961,-67.6135559082031,-87.6839981079102
6.93352765637792,-143.179580688477,-67.6264495849609,-87.5025482177734
6.9501947901681,-143.220031738281,-67.6465911865234,-87.3480453491211
6.96686192395737,-143.196044921875,-67.6622619628906,-87.2244720458984
6.98352905774664,-143.110092163086,-67.6648635864258,-87.1349716186523
7.00019619153591,-143.023742675781,-67.6665649414062,-87.0328140258789
7.01686332532518,-142.981323242188,-67.6784820556641,-86.8854751586914
7.03353045911444,-142.971237182617,-67.697021484375,-86.7059097290039
7.05019759290371,-143.026992797852,-67.7351913452148,-86.4715042114258
7.06686472669389,-143.13493347168,-67.7940979003906,-86.1887054443359
7.08353186048225,-143.277450561523,-67.8760986328125,-85.8785018920898
7.10019899427243,-143.402694702148,-67.9636306762695,-85.5842666625977
7.1168661280617,-143.40852355957,-68.0280380249023,-85.3931274414062
7.13353326185097,-143.290161132812,-68.0797729492188,-85.3260879516602
7.15020039564024,-143.056015014648,-68.1150741577148,-85.3678207397461
7.16686752942951,-142.702743530273,-68.1171798706055,-85.5203475952148
7.18353466321878,-142.258224487305,-68.0963973999023,-85.7610168457031
7.20020179700805,-141.743453979492,-68.0457077026367,-86.0512771606445
7.21686893079823,-141.170288085938,-67.9731903076172,-86.3787231445312
7.2335360645875,-140.589950561523,-67.882438659668,-86.6980056762695
7.25020319837677,-139.977767944336,-67.7766189575195,-87.0340957641602
7.26687033216604,-139.398895263672,-67.6693496704102,-87.3268737792969
7.28353746595531,-138.856735229492,-67.5479354858398,-87.5796890258789
7.30020459974457,-138.371459960938,-67.4446868896484,-87.7887115478516
7.31687173353384,-137.924194335938,-67.3572235107422,-87.9540481567383
7.33353886732311,-137.510116577148,-67.2743225097656,-88.0972366333008
7.35020600111238,-137.169586181641,-67.2076416015625,-88.1895370483398
7.36687313490256,-136.893493652344,-67.1502990722656,-88.239013671875
7.38354026869183,-136.678009033203,-67.1015014648438,-88.2484588623047
7.4002074024811,-136.525192260742,-67.0629043579102,-88.2196273803711
7.41687453627037,-136.411254882812,-67.0253601074219,-88.1767044067383
7.43354167005964,-136.323425292969,-66.9976348876953,-88.1287384033203
7.45020880384891,-136.235580444336,-66.9772033691406,-88.0981750488281
7.46687593763818,-136.107086181641,-66.942024230957,-88.1218566894531
7.48354307142745,-135.895614624023,-66.8805389404297,-88.2354888916016
7.50021020521672,-135.555099487305,-66.8289337158203,-88.4822311401367
7.5168773390069,-135.088165283203,-66.7942886352539,-88.8827819824219
7.53354447279617,-134.516372680664,-66.7653732299805,-89.4164962768555
7.55021160658544,-133.915969848633,-66.748405456543,-90.0183258056641
7.5668787403747,-133.387222290039,-66.7313613891602,-90.6003952026367
7.58354587416397,-132.986221313477,-66.7168731689453,-91.1143264770508
7.60021300795324,-132.739639282227,-66.7040252685547,-91.5335540771484
7.61688014174251,-132.631896972656,-66.6829376220703,-91.858024597168
7.63354727553178,-132.63818359375,-66.6507110595703,-92.0871276855469
7.65021440932105,-132.723541259766,-66.6023864746094,-92.2265777587891
7.66688154311123,-132.8603515625,-66.5463562011719,-92.2831802368164
7.6835486769005,-133.03791809082,-66.488639831543,-92.2631301879883
7.70021581068977,-133.282272338867,-66.4229125976562,-92.1411209106445
7.71688294447904,-133.57649230957,-66.37060546875,-91.9259567260742
7.73355007826831,-133.93293762207,-66.33740234375,-91.615608215332
7.75021721205758,-134.345443725586,-66.3330688476562,-91.2252731323242
7.76688434584685,-134.816711425781,-66.3668365478516,-90.7619323730469
7.78355147963612,-135.314086914062,-66.435546875,-90.2832260131836
7.80021861342539,-135.872009277344,-66.5210266113281,-89.7681427001953
7.81688574721557,-136.489822387695,-66.6025390625,-89.231201171875
7.83355288100483,-137.125762939453,-66.6674652099609,-88.7141342163086
7.8502200147941,-137.768402099609,-66.7172164916992,-88.2276000976562
7.86688714858337,-138.311141967773,-66.7248382568359,-87.8493576049805
7.88355428237264,-138.81689453125,-66.7242584228516,-87.5304565429688
7.90022141616191,-139.269515991211,-66.7066116333008,-87.2780532836914
7.91688854995118,-139.669281005859,-66.655158996582,-87.0749893188477
7.93355568374045,-140.085540771484,-66.5961685180664,-86.8573303222656
7.95022281752972,-140.517623901367,-66.5346755981445,-86.6158676147461
7.9668899513199,-140.95133972168,-66.4753036499023,-86.3628311157227
7.98355708510917,-141.389694213867,-66.4182662963867,-86.0911178588867
